<?xml version="1.0" encoding="UTF-8" standalone="yes"?>
<addon id="repository.matrix" name="Sagas Repository" provider-name="Sagas" version="0.0.1">
  <extension point="xbmc.addon.repository" name="Sagas Repository">
    <dir>
		<info compressed="false">https://raw.githubusercontent.com/Chrisophy/repository.slyguy/main/matrix/addons.xml</info>
        <checksum>https://raw.githubusercontent.com/Chrisophy/repository.slyguy/main/matrix/addons.xml.md5</checksum>
        <datadir zip="true">https://github.com/Chrisophy/repository.slyguy/raw/main/matrix/</datadir>
    </dir>
  </extension>
  <extension point="xbmc.addon.metadata">
    <platform>all</platform>
    <description lang="en">Addons by Sagas</description>
    <license></license>
    <language></language>
    <website></website>
    <news></news>
    <assets>
      <icon>icon.png</icon>
    </assets> 
  </extension>
</addon>