<?xml version="1.0" encoding="UTF-8" standalone="yes"?>
<addon id="plugin.video.mactv" name="[COLOR red]Mario[/COLOR] [COLOR gold]Live[/COLOR]" version="21.1" provider-name="TEAM.Mario by CK">
    <requires>
		<import addon="xbmc.python" version="3.0.0"/>
		<import addon="script.module.requests" version="2.25.1+matrix.1"/>
	</requires>
	<extension point="xbmc.python.pluginsource" library="addon.py">
		<provides>video</provides>
	</extension>
	<extension point="xbmc.addon.metadata">
		<platform>all</platform>
		<summary lang="de">[COLOR red] LIVE-TV, VOD, SERIEN KODi Matrix NEXUS OMEGA[/COLOR]</summary>
		<description lang="de">Soso...</description>
		<license></license>
		<language></language>
		<forum></forum>
		<assets>
            <icon>/resources/icons/icon.png</icon>
            <fanart>fanart.jpg</fanart>
        </assets>


	</extension>
</addon>
