<?xml version="1.0" encoding="UTF-8"?>
<addon id="plugin.video.vatv" name="Alternativen" version="18.1.3" provider-name="Sagas">
    <requires>
        <import addon="xbmc.python" version="2.1.0"/>
    </requires>
    <extension point="xbmc.python.pluginsource" library="default.py">
        <provides>video</provides>
    </extension>
    <extension point="xbmc.addon.metadata">
        <platform>all</platform>
        <summary lang="en">Alternativen</summary>
        <summary lang="de">Alternativen</summary>
        <language>de</language>
        <description lang="en">Sagas</description>
        <description lang="de">Sagas</description>
        <source></source>
        <forum></forum>
        <email></email>
        <website></website>
    </extension>
</addon>
